City_ID,City,Country,Date,Lat,Lng,Max Temp,Humidity,Cloudiness,Wind Speed
0,Punta Arenas,CL,2022-06-09 00:46:45,-53.15,-70.9167,33.91,80,40,17.27
1,Hermanus,ZA,2022-06-09 00:46:45,-34.4187,19.2345,62.8,86,0,10.27
2,Ahuimanu,US,2022-06-09 00:46:45,21.4447,-157.8378,85.75,60,75,14.97
3,Waingapu,ID,2022-06-09 00:46:46,-9.6567,120.2641,83.37,71,39,13.31
4,Nouadhibou,MR,2022-06-09 00:46:46,20.931,-17.0347,67.98,83,100,10.36
5,Kuzino,RU,2022-06-09 00:46:46,57.0224,59.4412,46.87,96,100,1.39
6,Jamestown,US,2022-06-09 00:46:47,42.097,-79.2353,64.04,61,0,5.75
7,Rikitea,PF,2022-06-09 00:46:47,-23.1203,-134.9692,72.79,65,100,14.38
8,Qaanaaq,GL,2022-06-09 00:46:48,77.484,-69.3632,29.93,93,100,2.93
9,Huallanca,PE,2022-06-09 00:46:48,-9.8993,-76.9417,46.85,87,99,2.8
10,Yar-Sale,RU,2022-06-09 00:46:48,66.8333,70.8333,58.14,48,13,4.63
11,Mundra,IN,2022-06-09 00:46:49,22.85,69.7333,83.48,75,47,18.3
12,Port Alfred,ZA,2022-06-09 00:46:49,-33.5906,26.891,66.7,40,0,12.53
13,Bluff,NZ,2022-06-09 00:46:49,-46.6,168.3333,49.8,84,97,6.55
14,Cairns,AU,2022-06-09 00:46:50,-16.9167,145.7667,78.12,60,100,18.41
15,East London,ZA,2022-06-09 00:46:50,-33.0153,27.9116,66.49,34,0,7.38
16,Namibe,AO,2022-06-09 00:46:50,-15.1961,12.1522,71.19,59,3,2.06
17,Nikolskoye,RU,2022-06-09 00:46:51,59.7035,30.7861,60.87,98,100,5.97
18,Husavik,IS,2022-06-09 00:46:51,66.0449,-17.3389,46.44,93,100,3.13
19,Vaini,TO,2022-06-09 00:46:51,-21.2,-175.2,80.76,69,40,4.61
20,Georgetown,MY,2022-06-09 00:45:13,5.4112,100.3354,82.33,88,20,3.44
21,Juneau,US,2022-06-09 00:46:52,58.3019,-134.4197,57.2,100,100,3.44
22,Neepawa,CA,2022-06-09 00:46:52,50.2289,-99.4664,72.0,69,34,3.53
23,Airai,TL,2022-06-09 00:46:52,-8.9266,125.4092,59.04,98,100,1.48
24,Barentu,ER,2022-06-09 00:46:53,15.1139,37.5928,75.58,57,4,7.4
25,Pio Xii,BR,2022-06-09 00:46:53,-3.8325,-45.1525,72.81,97,100,2.55
26,Nanortalik,GL,2022-06-09 00:46:53,60.1432,-45.2371,39.45,85,27,5.21
27,Tessalit,ML,2022-06-09 00:46:54,20.1986,1.0114,90.32,17,67,5.28
28,Puerto Ayora,EC,2022-06-09 00:46:54,-0.7393,-90.3518,71.55,90,26,5.01
29,Lakes Entrance,AU,2022-06-09 00:46:54,-37.8811,147.981,55.17,77,100,20.87
30,Jadu,LY,2022-06-09 00:46:55,31.953,12.0261,75.97,30,100,6.46
31,Dikson,RU,2022-06-09 00:46:55,73.5069,80.5464,32.13,85,91,4.52
32,Ushuaia,AR,2022-06-09 00:46:55,-54.8,-68.3,37.06,81,75,27.63
33,Fortuna,US,2022-06-09 00:42:42,40.5982,-124.1573,62.85,84,20,14.97
34,Quarai,BR,2022-06-09 00:46:56,-30.3875,-56.4514,56.84,90,100,5.91
35,Kaitangata,NZ,2022-06-09 00:46:56,-46.2817,169.8464,47.91,74,100,4.52
36,Waipawa,NZ,2022-06-09 00:46:57,-41.4122,175.5153,55.09,81,100,15.73
37,Pampas,PE,2022-06-09 00:46:57,-12.4,-74.9,47.93,92,37,3.13
38,Katobu,ID,2022-06-09 00:46:57,-4.9408,122.5276,81.05,81,100,2.98
39,Cape Town,ZA,2022-06-09 00:46:55,-33.9258,18.4232,61.88,91,0,2.3
40,Saskylakh,RU,2022-06-09 00:46:58,71.9167,114.0833,60.73,60,7,9.28
41,Antofagasta,CL,2022-06-09 00:46:58,-23.65,-70.4,60.08,87,44,3.67
42,Alofi,NU,2022-06-09 00:46:59,-19.0595,-169.9187,78.69,69,40,13.8
43,Ribeira Grande,PT,2022-06-09 00:46:59,38.5167,-28.7,65.37,94,22,15.5
44,Mar Del Plata,AR,2022-06-09 00:43:02,-38.0023,-57.5575,48.09,100,7,8.05
45,Esperance,AU,2022-06-09 00:46:59,-33.8667,121.9,54.5,71,93,16.11
46,Tepatepec,MX,2022-06-09 00:48:00,20.2333,-99.0833,69.12,56,100,16.49
47,Gold Coast,AU,2022-06-09 00:48:00,-28.0,153.4333,64.47,61,0,8.05
48,Arraial Do Cabo,BR,2022-06-09 00:48:01,-22.9661,-42.0278,70.66,88,22,8.28
49,Burns Lake,CA,2022-06-09 00:48:01,54.2331,-125.7533,63.82,51,100,7.38
50,Kahului,US,2022-06-09 00:48:01,20.8947,-156.47,89.62,43,40,19.57
51,La Ronge,CA,2022-06-09 00:48:02,55.1001,-105.2842,73.62,24,20,8.05
52,Atuona,PF,2022-06-09 00:48:02,-9.8,-139.0333,78.48,73,13,19.04
53,Constitucion,CL,2022-06-09 00:45:56,-35.3333,-72.4167,50.88,85,100,6.6
54,Murchison,NZ,2022-06-09 00:48:02,-41.8,172.3333,49.06,96,100,3.49
55,Maniitsoq,GL,2022-06-09 00:48:03,65.4167,-52.9,40.44,69,9,2.13
56,Albany,US,2022-06-09 00:45:10,42.6001,-73.9662,66.16,68,100,3.22
57,Yellowknife,CA,2022-06-09 00:48:03,62.456,-114.3525,77.56,25,20,10.36
58,Faanui,PF,2022-06-09 00:48:04,-16.4833,-151.75,79.52,74,43,7.9
59,Tucuma,BR,2022-06-09 00:48:04,-0.1833,-50.05,75.34,91,89,4.7
60,Waddan,LY,2022-06-09 00:48:04,29.1614,16.139,82.99,30,1,7.74
61,Ostrovnoy,RU,2022-06-09 00:48:05,68.0531,39.5131,51.35,60,99,13.85
62,Kodiak,US,2022-06-09 00:48:05,57.79,-152.4072,62.11,55,75,9.22
63,Aksu,CN,2022-06-09 00:48:05,41.1231,80.2644,77.56,16,45,1.16
64,Bireun,ID,2022-06-09 00:48:06,5.203,96.7009,79.29,74,95,3.76
65,Luganville,VU,2022-06-09 00:48:06,-15.5333,167.1667,83.86,64,100,6.91
66,Port Shepstone,ZA,2022-06-09 00:48:06,-30.7414,30.455,61.29,71,0,7.4
67,Florianopolis,BR,2022-06-09 00:44:42,-27.6146,-48.5012,61.41,91,75,0.0
68,Ponta Do Sol,PT,2022-06-09 00:48:07,32.6667,-17.1,70.43,83,7,3.94
69,Hobyo,SO,2022-06-09 00:48:07,5.3505,48.5268,80.19,68,100,20.33
70,Longyearbyen,SJ,2022-06-09 00:48:08,78.2186,15.6401,39.04,70,75,12.66
71,Bairiki,KI,2022-06-09 00:48:09,1.3292,172.9752,86.0,66,40,9.22
72,Peniche,PT,2022-06-09 00:48:09,39.3558,-9.3811,67.28,93,86,12.15
73,Puerto Cabezas,NI,2022-06-09 00:48:10,14.0351,-83.3888,78.87,89,100,8.59
74,Wadi Maliz,TN,2022-06-09 00:48:10,36.4681,8.5495,72.28,43,86,4.36
75,Victoria,HK,2022-06-09 00:44:32,22.2855,114.1577,83.32,85,100,11.01
76,Saint-Philippe,RE,2022-06-09 00:48:10,-21.3585,55.7679,64.11,79,94,13.22
77,Am Timan,TD,2022-06-09 00:48:11,11.0297,20.2827,76.93,65,100,13.73
78,Avesta,SE,2022-06-09 00:48:11,60.1455,16.1679,54.19,96,76,6.6
79,Mae Hong Son,TH,2022-06-09 00:48:11,19.3003,97.9685,77.14,94,75,0.0
80,Mataura,NZ,2022-06-09 00:48:12,-46.1927,168.8643,49.48,81,97,2.39
81,Barrow,US,2022-06-09 00:48:12,71.2906,-156.7887,28.42,80,100,6.91
82,Mitu,CO,2022-06-09 00:48:12,1.1983,-70.1733,71.85,95,79,0.25
83,Verkhnevilyuysk,RU,2022-06-09 00:48:13,63.4453,120.3167,70.23,54,78,6.06
84,Klaksvik,FO,2022-06-09 00:48:13,62.2266,-6.589,47.32,76,100,21.63
85,Muisne,EC,2022-06-09 00:48:13,0.6,-80.0333,75.4,82,100,7.81
86,Ciudad Bolivar,VE,2022-06-09 00:48:14,8.1222,-63.5497,78.6,78,86,11.03
87,Henties Bay,NA,2022-06-09 00:48:14,-22.116,14.2845,67.68,39,0,8.72
88,Harda,IN,2022-06-09 00:48:14,22.3333,77.1,88.48,52,13,10.96
89,Busselton,AU,2022-06-09 00:48:15,-33.65,115.3333,60.24,67,28,18.75
90,Kapaa,US,2022-06-09 00:45:35,22.0752,-159.319,82.47,72,20,12.66
91,Kaeo,NZ,2022-06-09 00:48:15,-35.1,173.7833,60.33,90,100,13.24
92,Havre-Saint-Pierre,CA,2022-06-09 00:48:16,50.2334,-63.5986,52.16,87,100,10.36
93,Hambantota,LK,2022-06-09 00:49:16,6.1241,81.1185,79.14,100,20,9.22
94,Brae,GB,2022-06-09 00:49:16,60.3964,-1.353,49.53,84,100,16.44
95,Palas,ID,2022-06-09 00:49:17,-5.6519,105.6801,80.37,83,100,2.84
96,Lebu,CL,2022-06-09 00:48:11,-37.6167,-73.65,52.32,90,100,8.55
97,Berlevag,NO,2022-06-09 00:49:17,70.8578,29.0864,44.55,65,21,21.85
98,Port Elizabeth,ZA,2022-06-09 00:49:17,-33.918,25.5701,69.31,45,0,13.0
99,La Baneza,ES,2022-06-09 00:49:18,42.3003,-5.8977,58.8,90,95,5.7
100,Dauphin,CA,2022-06-09 00:49:18,51.1494,-100.0502,69.94,32,0,2.3
101,Buraydah,SA,2022-06-09 00:49:18,26.326,43.975,86.45,9,0,6.11
102,Hami,CN,2022-06-09 00:49:19,42.8,93.45,78.71,12,0,9.44
103,Hobart,AU,2022-06-09 00:48:07,-42.8794,147.3294,49.86,68,40,26.46
104,Sinnamary,GF,2022-06-09 00:49:19,5.3833,-52.95,78.01,87,100,7.34
105,Richards Bay,ZA,2022-06-09 00:49:20,-28.783,32.0377,59.68,87,0,9.78
106,Yerbogachen,RU,2022-06-09 00:49:20,61.2767,108.0108,55.63,53,100,4.25
107,Ahipara,NZ,2022-06-09 00:49:20,-35.1667,173.1667,60.15,83,100,18.79
108,Semibratovo,RU,2022-06-09 00:49:21,57.3046,39.5369,42.66,74,10,2.8
109,Port-Gentil,GA,2022-06-09 00:49:21,-0.7193,8.7815,75.72,84,100,8.46
110,Ornskoldsvik,SE,2022-06-09 00:49:21,63.2909,18.7153,50.25,99,74,3.44
111,Kanina,CD,2022-06-09 00:49:22,-10.7341,25.4699,47.7,91,6,6.69
112,Maceio,BR,2022-06-09 00:49:22,-9.6658,-35.7353,74.64,88,40,1.14
113,Santarem,BR,2022-06-09 00:47:24,-2.4431,-54.7083,78.93,94,20,3.44
114,Wiang Sa,TH,2022-06-09 00:49:23,8.6359,99.3666,82.85,86,93,1.66
115,Pilar,BR,2022-06-09 00:49:23,-9.5972,-35.9567,73.33,94,8,1.77
116,Ventspils,LV,2022-06-09 00:49:23,57.3894,21.5606,51.73,100,100,3.44
117,Rio Gallegos,AR,2022-06-09 00:49:24,-51.6226,-69.2181,35.65,69,0,20.71
118,Gat,IL,2022-06-09 00:49:24,31.61,34.7642,75.4,69,0,2.21
119,Quatre Cocos,MU,2022-06-09 00:49:24,-20.2078,57.7625,71.71,78,9,14.45
120,Upernavik,GL,2022-06-09 00:49:25,72.7868,-56.1549,35.33,88,100,10.16
121,Clyde River,CA,2022-06-09 00:49:25,70.4692,-68.5914,32.23,100,100,11.5
122,Viedma,AR,2022-06-09 00:49:25,-40.8135,-62.9967,58.69,36,18,21.25
123,Beloha,MG,2022-06-09 00:46:20,-25.1667,45.05,58.86,74,0,6.4
124,Barcelos,PT,2022-06-09 00:49:26,41.5388,-8.6151,64.92,96,31,3.31
125,Mahebourg,MU,2022-06-09 00:49:26,-20.4081,57.7,71.89,78,40,5.75
126,Coolum Beach,AU,2022-06-09 00:49:26,-26.5333,153.1,62.11,63,0,3.49
127,Severo-Kurilsk,RU,2022-06-09 00:49:27,50.6789,156.125,43.74,86,100,4.21
128,Parrita,CR,2022-06-09 00:49:27,9.5201,-84.3225,77.43,87,100,2.64
129,Portland,US,2022-06-09 00:49:05,45.5234,-122.6762,76.98,39,40,4.61
130,Nantucket,US,2022-06-09 00:49:28,41.2835,-70.0995,64.51,94,100,10.36
131,Grand-Santi,GF,2022-06-09 00:49:28,4.25,-54.3833,72.91,100,100,1.05
132,Akom,CM,2022-06-09 00:49:28,2.6678,12.7109,65.23,96,100,0.51
133,Storforshei,NO,2022-06-09 00:49:29,66.4043,14.5233,40.66,80,23,2.3
134,Touros,BR,2022-06-09 00:49:29,-5.1989,-35.4608,75.13,90,30,8.37
135,Soanierana Ivongo,MG,2022-06-09 00:49:29,-16.9167,49.5833,69.46,91,65,7.87
136,Bengkulu,ID,2022-06-09 00:49:30,-3.8004,102.2655,76.26,89,100,2.62
137,Bethel,US,2022-06-09 00:44:41,41.3712,-73.414,74.75,67,0,0.0
138,Codrington,AU,2022-06-09 00:49:30,-38.2667,141.9667,54.81,73,97,18.48
139,Bulolo,PG,2022-06-09 00:49:31,-7.2,146.65,80.96,71,71,2.51
140,Cobija,BO,2022-06-09 00:49:31,-11.0267,-68.7692,72.99,91,4,2.66
141,Tuktoyaktuk,CA,2022-06-09 00:50:31,69.4541,-133.0374,33.8,75,100,12.66
142,Poum,NC,2022-06-09 00:46:16,-20.2333,164.0167,75.49,76,96,10.67
143,Luderitz,NA,2022-06-09 00:50:32,-26.6481,15.1594,63.86,40,0,6.35
144,Hilo,US,2022-06-09 00:48:56,19.7297,-155.09,86.29,67,40,11.5
145,Kidal,ML,2022-06-09 00:50:32,18.4411,1.4078,90.18,13,7,7.94
146,Vila Velha,BR,2022-06-09 00:47:19,-20.3297,-40.2925,67.95,93,0,2.3
147,Zhanakorgan,KZ,2022-06-09 00:50:33,43.9098,67.2495,79.9,32,93,9.64
148,Dingle,PH,2022-06-09 00:50:33,10.9995,122.6711,83.79,75,100,5.14
149,Thompson,CA,2022-06-09 00:46:57,55.7435,-97.8558,64.56,52,75,2.3
150,Saint George,US,2022-06-09 00:50:34,37.1041,-113.5841,100.99,15,0,12.66
151,Kunming,CN,2022-06-09 00:50:34,25.0389,102.7183,60.73,100,100,8.95
152,Cidreira,BR,2022-06-09 00:50:34,-30.1811,-50.2056,62.78,86,6,11.21
153,Nichinan,JP,2022-06-09 00:50:35,31.6,131.3667,73.08,78,100,7.09
154,Chokurdakh,RU,2022-06-09 00:50:35,70.6333,147.9167,50.52,52,56,10.13
155,New Norfolk,AU,2022-06-09 00:50:35,-42.7826,147.0587,49.5,71,98,4.0
156,Comodoro Rivadavia,AR,2022-06-09 00:48:45,-45.8667,-67.5,46.26,42,0,16.11
157,Guerrero Negro,MX,2022-06-09 00:46:51,27.9769,-114.0611,67.68,71,6,15.61
158,Te Anau,NZ,2022-06-09 00:50:36,-45.4167,167.7167,45.25,91,96,3.15
159,Truckee,US,2022-06-09 00:50:36,39.328,-120.1833,80.92,43,100,1.99
160,Chuy,UY,2022-06-09 00:50:37,-33.6971,-53.4616,55.38,89,17,3.69
161,Marrakesh,MA,2022-06-09 00:50:37,31.6315,-8.0083,72.72,50,0,6.2
162,Cabo San Lucas,MX,2022-06-09 00:48:08,22.8909,-109.9124,83.61,69,5,12.8
163,Lucapa,AO,2022-06-09 00:50:37,-8.4192,20.7447,58.68,50,12,4.07
164,Valenca,BR,2022-06-09 00:50:38,-13.3703,-39.0731,67.35,90,4,0.74
165,Sao Miguel,BR,2022-06-09 00:50:38,-5.4667,-35.3667,77.77,89,26,8.81
166,Hirara,JP,2022-06-09 00:50:38,24.8,125.2833,80.46,94,75,8.05
167,Morant Bay,JM,2022-06-09 00:50:39,17.8815,-76.4093,83.82,87,58,7.14
168,Paso De Carrasco,UY,2022-06-09 00:50:39,-34.8603,-56.0522,49.95,90,92,0.0
169,Ardesen,TR,2022-06-09 00:50:40,41.1911,40.9875,68.11,87,94,3.74
170,Tasiilaq,GL,2022-06-09 00:50:40,65.6145,-37.6368,32.04,72,1,2.48
171,Asau,RO,2022-06-09 00:50:41,46.4333,26.4,54.52,100,99,2.84
172,Kavieng,PG,2022-06-09 00:50:41,-2.5744,150.7967,83.98,59,71,7.14
173,West Bay,KY,2022-06-09 00:50:41,19.3667,-81.4167,84.27,83,20,10.36
174,Castro,BR,2022-06-09 00:50:42,-24.7911,-50.0119,52.95,96,37,3.87
175,Pochutla,MX,2022-06-09 00:50:42,15.7432,-96.4661,75.81,86,84,1.9
176,Udachnyy,RU,2022-06-09 00:50:42,66.4167,112.4,55.45,50,57,6.44
177,Praia,CV,2022-06-09 00:50:11,14.9215,-23.5087,73.13,88,6,3.27
178,Avarua,CK,2022-06-09 00:50:13,-21.2078,-159.775,78.85,69,15,3.44
179,Conde,BR,2022-06-09 00:50:43,-7.2597,-34.9075,74.66,100,20,5.75
180,Verkhnyaya Inta,RU,2022-06-09 00:50:43,65.9811,60.3094,57.07,66,6,9.06
181,Katsuura,JP,2022-06-09 00:50:44,35.1333,140.3,64.42,83,83,12.17
182,Balaipungut,ID,2022-06-09 00:50:44,1.05,101.2833,76.48,89,100,1.48
183,Mobaye,CF,2022-06-09 00:50:44,4.319,21.1786,67.78,95,100,1.48
184,Gizo,SB,2022-06-09 00:50:45,-8.103,156.8419,82.58,71,91,3.94
185,Lorengau,PG,2022-06-09 00:51:45,-2.0226,147.2712,85.05,63,64,6.71
186,Anori,BR,2022-06-09 00:51:45,-3.7728,-61.6442,74.21,93,11,1.23
187,Atascocita,US,2022-06-09 00:51:46,29.9988,-95.1766,91.69,72,75,13.8
188,Tabou,CI,2022-06-09 00:51:46,4.423,-7.3528,78.19,79,3,7.49
189,Ust-Omchug,RU,2022-06-09 00:51:46,61.15,149.6333,45.52,79,100,18.16
190,Rocha,UY,2022-06-09 00:51:47,-34.4833,-54.3333,48.58,94,6,2.48
191,Dicabisagan,PH,2022-06-09 00:51:47,17.0818,122.4157,86.68,69,67,6.04
192,Wonthaggi,AU,2022-06-09 00:51:47,-38.6044,145.5913,51.82,73,49,22.01
193,Vao,NC,2022-06-09 00:51:48,-22.6667,167.4833,69.26,79,100,12.68
194,China,MX,2022-06-09 00:51:48,25.7,-99.2333,91.53,42,0,26.73
195,Agua Dulce,MX,2022-06-09 00:51:48,18.1333,-94.1333,80.6,83,97,7.7
196,Pachino,IT,2022-06-09 00:51:49,36.7186,15.0907,72.63,74,100,4.09
197,Salekhard,RU,2022-06-09 00:51:49,66.53,66.6019,62.74,42,1,7.56
198,Pevek,RU,2022-06-09 00:51:50,69.7008,170.3133,42.8,67,76,4.56
199,Khatanga,RU,2022-06-09 00:51:50,71.9667,102.5,46.31,61,48,9.08
200,Souillac,MU,2022-06-09 00:51:50,-20.5167,57.5167,71.98,78,40,5.75
201,Maragogi,BR,2022-06-09 00:51:51,-9.0122,-35.2225,75.61,83,3,4.05
202,Bredasdorp,ZA,2022-06-09 00:51:51,-34.5322,20.0403,60.26,88,1,11.27
203,Levokumskoye,RU,2022-06-09 00:51:51,44.8219,44.6606,64.49,54,100,3.04
204,Krasnokamensk,RU,2022-06-09 00:51:52,50.0979,118.0369,71.6,35,0,2.89
205,Kapit,MY,2022-06-09 00:51:52,2.0167,112.9333,75.99,96,100,0.83
206,Lithakia,GR,2022-06-09 00:51:52,37.7167,20.8333,67.37,84,90,4.7
207,Santa Cecilia,BR,2022-06-09 00:51:53,-26.9608,-50.4269,52.59,99,84,3.65
208,Avera,US,2022-06-09 00:51:53,33.194,-82.5271,82.45,59,42,8.72
209,Broken Hill,AU,2022-06-09 00:51:54,-31.95,141.4333,51.94,59,5,11.36
210,Chardara,KZ,2022-06-09 00:51:54,41.2547,67.9692,74.93,40,40,9.64
211,Chernyshevskiy,RU,2022-06-09 00:51:54,63.0128,112.4714,60.6,44,100,3.04
212,Xai-Xai,MZ,2022-06-09 00:51:55,-25.0519,33.6442,61.02,76,0,1.03
213,Lasa,IT,2022-06-09 00:51:55,46.6166,10.7002,52.36,97,100,6.49
214,Hithadhoo,MV,2022-06-09 00:51:55,-0.6,73.0833,82.24,73,97,2.13
215,Tuatapere,NZ,2022-06-09 00:51:56,-46.1333,167.6833,49.23,80,12,4.56
216,Butaritari,KI,2022-06-09 00:51:56,3.0707,172.7902,81.93,72,7,11.25
217,Port Hardy,CA,2022-06-09 00:51:56,50.6996,-127.4199,59.18,63,75,9.22
218,Havoysund,NO,2022-06-09 00:51:57,70.9963,24.6622,44.83,84,36,22.35
219,Jurm,AF,2022-06-09 00:51:57,36.8648,70.8342,66.63,44,36,0.49
220,Lavrentiya,RU,2022-06-09 00:51:57,65.5833,-171.0,42.8,55,0,4.83
221,Batemans Bay,AU,2022-06-09 00:51:58,-35.7167,150.1833,58.51,42,11,6.87
222,Kurovskoye,RU,2022-06-09 00:51:58,55.5783,38.9108,49.89,79,7,2.93
223,Yinchuan,CN,2022-06-09 00:51:58,38.4681,106.2731,79.23,22,54,2.62
224,Ugra,RU,2022-06-09 00:51:59,54.7777,34.3267,55.89,86,34,3.44
225,Buchanan,LR,2022-06-09 00:51:59,5.8808,-10.0467,78.1,84,49,6.51
226,Anadyr,RU,2022-06-09 00:51:59,64.75,177.4833,50.5,43,0,8.95
227,Provideniya,RU,2022-06-09 00:52:00,64.3833,-173.3,46.51,76,0,11.18
228,Krasnoselkup,RU,2022-06-09 00:52:00,65.7,82.4667,46.2,43,0,1.28
229,Cockburn Town,TC,2022-06-09 00:52:00,21.4612,-71.1419,80.4,83,100,15.7
230,Morehead,US,2022-06-09 00:52:01,37.2711,-87.1764,80.35,69,40,6.91
231,Margate,GB,2022-06-09 00:52:01,51.3813,1.3862,54.7,79,0,4.0
232,San Julian,MX,2022-06-09 00:52:01,21.0167,-102.1667,83.5,13,96,11.36
233,Mari-Turek,RU,2022-06-09 00:53:02,56.7895,49.6235,48.11,91,86,9.71
234,Mataram,ID,2022-06-09 00:53:02,-8.5833,116.1167,81.41,79,100,4.72
235,Severodvinsk,RU,2022-06-09 00:53:02,64.5635,39.8302,48.31,78,89,2.39
236,Ampanihy,MG,2022-06-09 00:53:03,-24.7,44.75,57.74,79,0,6.98
237,Baikunthpur,IN,2022-06-09 00:53:03,23.25,82.55,90.61,18,100,0.45
238,Emerald,AU,2022-06-09 00:53:03,-23.5333,148.1667,55.35,55,1,14.2
239,Port Lincoln,AU,2022-06-09 00:53:04,-34.7333,135.8667,55.63,69,100,12.03
240,Tarnogskiy Gorodok,RU,2022-06-09 00:53:04,60.4997,43.5761,49.32,81,39,3.65
241,Wooster,US,2022-06-09 00:53:04,40.8051,-81.9351,67.28,92,100,10.36
242,Atoyac,MX,2022-06-09 00:53:05,20.0167,-103.5333,72.37,67,100,2.77
243,Chapais,CA,2022-06-09 00:53:05,49.7834,-74.8492,60.58,83,99,4.34
244,Sorkjosen,NO,2022-06-09 00:53:05,69.8,20.9333,44.6,70,100,5.75
245,Mecca,SA,2022-06-09 00:53:06,21.4267,39.8261,84.78,37,18,2.91
246,Matara,LK,2022-06-09 00:53:06,5.9485,80.5353,78.03,88,100,10.45
247,Grindavik,IS,2022-06-09 00:53:07,63.8424,-22.4338,50.47,76,75,11.5
248,Mount Pleasant,US,2022-06-09 00:48:36,32.7941,-79.8626,81.0,87,40,6.91
249,Cacu,BR,2022-06-09 00:53:07,-18.5567,-51.1308,67.15,93,100,8.5
250,Bandundu,CD,2022-06-09 00:53:08,-3.3167,17.3667,73.62,54,100,3.13
251,Maarianhamina,AX,2022-06-09 00:53:08,60.0973,19.9348,55.26,88,0,4.61
252,Boshnyakovo,RU,2022-06-09 00:53:08,49.6333,142.1667,47.61,72,100,1.14
253,Junction City,US,2022-06-09 00:51:50,39.0286,-96.8314,76.86,55,0,8.05
254,Pumiao,CN,2022-06-09 00:53:09,22.75,108.4833,82.8,91,100,4.21
255,Ulladulla,AU,2022-06-09 00:53:09,-35.35,150.4667,55.76,47,5,10.78
256,Napier,NZ,2022-06-09 00:48:57,-39.4833,176.9167,62.28,63,100,8.01
257,Sao Miguel Do Araguaia,BR,2022-06-09 00:53:10,-13.275,-50.1628,74.32,40,3,1.7
258,Gobabis,NA,2022-06-09 00:53:10,-22.45,18.9667,44.24,26,0,9.75
259,Nemuro,JP,2022-06-09 00:53:10,43.3236,145.575,50.22,82,91,9.48
260,Maumere,ID,2022-06-09 00:53:11,-8.6199,122.2111,82.27,73,94,2.95
261,Zyryanka,RU,2022-06-09 00:53:11,65.75,150.85,46.42,62,100,6.93
262,Vestmanna,FO,2022-06-09 00:53:11,62.1564,-7.1664,45.52,61,100,6.91
263,Yumen,CN,2022-06-09 00:53:12,40.2833,97.2,71.89,14,0,0.94
264,Calvinia,ZA,2022-06-09 00:53:12,-31.4707,19.776,51.53,44,0,3.11
265,Grand Gaube,MU,2022-06-09 00:53:12,-20.0064,57.6608,72.0,77,5,1.99
266,Kaabong,UG,2022-06-09 00:53:13,3.4836,34.1492,60.48,85,50,2.57
267,Itapipoca,BR,2022-06-09 00:53:13,-3.4944,-39.5786,73.36,91,96,3.02
268,Key Largo,US,2022-06-09 00:53:13,25.0865,-80.4473,84.99,74,81,3.78
269,College,US,2022-06-09 00:53:14,64.8569,-147.8028,64.58,38,0,18.41
270,Sibolga,ID,2022-06-09 00:53:14,1.7427,98.7792,78.21,84,39,2.06
271,Bor,RU,2022-06-09 00:53:14,56.3567,44.0669,48.13,80,40,6.35
272,Ngunguru,NZ,2022-06-09 00:53:15,-35.6167,174.5,63.03,71,100,14.5
273,Cherskiy,RU,2022-06-09 00:53:15,68.75,161.3,58.15,52,100,12.26
274,Zemio,CF,2022-06-09 00:53:15,5.0314,25.1361,66.85,89,86,1.28
275,Bathsheba,BB,2022-06-09 00:53:16,13.2167,-59.5167,83.01,78,40,11.5
276,Launceston,AU,2022-06-09 00:53:16,-41.45,147.1667,53.62,54,100,11.5
277,Charkhi Dadri,IN,2022-06-09 00:53:16,28.6,76.2667,89.4,23,5,9.13
278,Bambous Virieux,MU,2022-06-09 00:53:17,-20.3428,57.7575,71.85,78,40,5.75
279,Abbeville,FR,2022-06-09 00:54:17,50.1,1.8333,58.96,93,3,11.7
280,Karangasem,ID,2022-06-09 00:54:18,-8.45,115.6167,80.73,80,100,3.8
281,Christchurch,NZ,2022-06-09 00:52:08,-43.5333,172.6333,60.33,63,100,4.61
282,Makat,KZ,2022-06-09 00:54:18,47.6469,53.3463,65.55,37,3,6.69
283,Suez,EG,2022-06-09 00:54:19,29.9737,32.5263,76.12,45,0,4.59
284,Arlit,NE,2022-06-09 00:54:19,18.7369,7.3853,86.74,11,0,7.92
285,Jumla,NP,2022-06-09 00:54:19,29.2747,82.1838,61.7,77,82,2.19
286,Mingoyo,TZ,2022-06-09 00:54:20,-10.1,39.6333,66.43,97,11,4.16
287,Khorixas,NA,2022-06-09 00:54:20,-20.3667,14.9667,56.93,31,0,8.72
288,Verkhoyansk,RU,2022-06-09 00:54:20,67.5447,133.385,63.14,23,9,14.05
289,Moose Factory,CA,2022-06-09 00:54:21,51.2585,-80.6094,62.6,77,75,3.44
290,Kattivakkam,IN,2022-06-09 00:54:21,13.2167,80.3167,86.09,80,57,13.2
291,Ancud,CL,2022-06-09 00:54:21,-41.8697,-73.8203,43.23,79,51,13.15
292,Manggar,ID,2022-06-09 00:54:22,-2.8833,108.2667,78.31,87,100,2.28
293,Vicuna,CL,2022-06-09 00:54:22,-30.0319,-70.7081,46.13,60,73,1.25
294,Phangnga,TH,2022-06-09 00:54:23,8.4509,98.5298,80.64,83,100,0.69
295,Pontianak,ID,2022-06-09 00:54:23,-0.0333,109.3333,76.98,94,75,4.61
296,Sobolevo,RU,2022-06-09 00:54:23,54.4299,31.8996,57.69,91,13,5.95
297,Novikovo,RU,2022-06-09 00:54:24,51.1537,37.8879,54.77,75,2,1.12
298,San Jose,US,2022-06-09 00:50:33,37.3394,-121.895,80.17,57,75,19.57
299,Santa Rosa,PH,2022-06-09 00:50:56,14.3122,121.1114,89.11,76,86,6.31
300,Riyadh,SA,2022-06-09 00:50:29,24.6877,46.7219,87.94,11,0,2.98
301,Kemi,FI,2022-06-09 00:54:24,65.8596,24.8228,53.37,94,0,3.44
302,Carnarvon,AU,2022-06-09 00:54:25,-24.8667,113.6333,66.38,92,94,16.06
303,Geraldton,AU,2022-06-09 00:49:47,-28.7667,114.6,61.21,77,75,16.11
304,Westport,US,2022-06-09 00:51:05,41.1415,-73.3579,76.01,62,100,1.01
305,Dubai,AE,2022-06-09 00:49:51,25.2582,55.3047,93.13,31,0,3.44
306,Bud,US,2022-06-09 00:54:27,39.447,-86.1758,71.46,82,62,13.0
307,Sakakah,SA,2022-06-09 00:54:27,29.9697,40.2064,81.97,18,0,5.06
308,Lata,PT,2022-06-09 00:54:27,40.1629,-8.3327,65.07,96,90,3.38
309,Ambulu,ID,2022-06-09 00:54:28,-8.345,113.6058,78.76,84,100,2.64
310,Nanakuli,US,2022-06-09 00:54:28,21.3906,-158.1547,85.98,51,75,11.5
311,Juba,SS,2022-06-09 00:51:01,4.8517,31.5825,69.96,86,100,5.37
312,Funtua,NG,2022-06-09 00:54:28,11.5233,7.3081,74.8,61,73,9.6
313,Tayu,ID,2022-06-09 00:54:29,-6.5397,111.0518,80.51,78,100,5.23
314,Alice Springs,AU,2022-06-09 00:54:29,-23.7,133.8833,49.55,76,0,9.22
315,Sangar,RU,2022-06-09 00:54:29,63.9242,127.4739,76.01,31,32,11.21
316,San Patricio,US,2022-06-09 00:54:30,28.017,-97.5169,88.52,67,0,14.56
317,Dubrovnik,HR,2022-06-09 00:54:30,42.6481,18.0922,69.44,83,40,9.22
318,Talnakh,RU,2022-06-09 00:54:30,69.4865,88.3972,40.21,86,74,5.79
319,Ust-Kuyga,RU,2022-06-09 00:54:31,70.0167,135.6,58.89,26,0,7.38
320,Gebre Guracha,ET,2022-06-09 00:54:31,9.8,38.4,55.27,59,8,1.28
321,Raudeberg,NO,2022-06-09 00:54:31,61.9875,5.1352,50.67,91,12,13.65
322,Bandarbeyla,SO,2022-06-09 00:54:32,9.4942,50.8122,83.17,58,100,19.04
323,Shingu,JP,2022-06-09 00:55:32,33.7333,135.9833,72.03,71,100,6.78
324,Biak,ID,2022-06-09 00:55:32,-0.9131,122.8766,80.89,75,58,4.03
325,Mocuba,MZ,2022-06-09 00:55:33,-16.8392,36.9856,64.45,99,100,4.5
326,Kodinsk,RU,2022-06-09 00:55:33,58.6881,99.1844,60.01,48,0,2.24
327,Damghan,IR,2022-06-09 00:55:34,36.1683,54.348,74.93,37,0,2.1
328,Zharkent,KZ,2022-06-09 00:55:34,44.1628,80.0,75.4,33,100,3.85
329,Lixourion,GR,2022-06-09 00:55:34,38.2019,20.4314,71.06,89,100,7.38
330,Quang Ngai,VN,2022-06-09 00:55:35,15.1167,108.8,85.41,63,94,3.04
331,Tiksi,RU,2022-06-09 00:55:35,71.6872,128.8694,45.16,56,22,10.29
332,Ingham,US,2022-06-09 00:55:35,42.6,-84.3833,58.23,91,100,8.05
333,Honningsvag,NO,2022-06-09 00:55:36,70.9821,25.9704,44.35,70,100,20.71
334,Kuvshinovo,RU,2022-06-09 00:55:36,57.0295,34.1725,56.79,84,76,5.39
335,Katherine,AU,2022-06-09 00:55:37,-14.4667,132.2667,71.92,24,100,17.27
336,Back Mountain,US,2022-06-09 00:51:58,41.3359,-75.9963,66.07,86,31,1.83
337,Cap Malheureux,MU,2022-06-09 00:55:37,-19.9842,57.6142,69.48,77,3,3.0
338,Samarai,PG,2022-06-09 00:55:37,-10.6167,150.6667,81.97,76,100,8.43
339,Nelson Bay,AU,2022-06-09 00:55:38,-32.7167,152.15,56.1,53,0,4.0
340,Sale,MA,2022-06-09 00:55:38,34.0389,-6.8166,68.76,100,23,0.0
341,Pisco,PE,2022-06-09 00:54:54,-13.7,-76.2167,62.65,82,0,13.8
342,Los Llanos De Aridane,ES,2022-06-09 00:55:39,28.6585,-17.9182,65.95,78,20,12.66
343,Hasaki,JP,2022-06-09 00:55:39,35.7333,140.8333,66.29,81,88,14.23
344,Soe,ID,2022-06-09 00:55:39,-9.8607,124.284,74.32,68,100,7.61
345,Nazilli,TR,2022-06-09 00:55:40,37.9163,28.3223,66.45,64,0,1.34
346,Faya,SA,2022-06-09 00:55:40,18.3851,42.4509,64.92,24,75,5.06
347,Kjollefjord,NO,2022-06-09 00:55:41,70.9457,27.3465,44.65,84,29,21.7
348,Urengoy,RU,2022-06-09 00:55:41,65.9667,78.3667,49.32,45,91,5.21
349,Inta,RU,2022-06-09 00:55:41,66.0317,60.1659,56.68,66,7,11.03
350,Sitka,US,2022-06-09 00:55:42,57.0531,-135.33,57.38,67,100,4.16
351,San Cristobal,VE,2022-06-09 00:51:05,7.7669,-72.225,71.78,90,99,2.19
352,Ushtobe,KZ,2022-06-09 00:55:42,45.2514,77.9838,75.02,34,100,5.28
353,Cervo,ES,2022-06-09 00:55:42,43.6702,-7.4101,61.97,93,59,5.35
354,Plouzane,FR,2022-06-09 00:55:43,48.3833,-4.6167,57.52,91,0,9.22
355,Ylivieska,FI,2022-06-09 00:55:43,64.0833,24.55,52.88,96,100,2.13
356,Isangel,VU,2022-06-09 00:55:43,-19.55,169.2667,84.31,70,75,4.61
357,Kohat,PK,2022-06-09 00:55:44,33.582,71.4493,80.67,25,2,3.8
358,Luanshya,ZM,2022-06-09 00:55:44,-13.1367,28.4166,51.01,94,25,5.77
359,Spitsevka,RU,2022-06-09 00:55:44,45.1231,42.5125,63.01,62,100,2.64
360,Lukovetskiy,RU,2022-06-09 00:55:45,64.2956,41.9211,54.0,60,100,2.91
361,Ossora,RU,2022-06-09 00:55:45,59.2353,163.0719,49.28,76,40,10.36
362,Nuevo Progreso,MX,2022-06-09 00:55:45,23.1667,-97.95,84.88,63,54,4.0
363,Shemgang,BT,2022-06-09 00:55:46,27.2169,90.6579,64.31,90,100,1.03
364,Buala,SB,2022-06-09 00:55:46,-8.145,159.5921,83.28,74,100,5.64
365,Jalingo,NG,2022-06-09 00:55:46,8.8833,11.3667,77.67,77,11,7.49
366,Kokkola,FI,2022-06-09 00:55:47,63.8385,23.1307,55.56,88,0,3.44
367,Luwuk,ID,2022-06-09 00:56:47,-0.9516,122.7875,83.43,74,65,3.67
368,Fairbanks,US,2022-06-09 00:54:16,64.8378,-147.7164,64.6,38,0,18.41
369,Okato,NZ,2022-06-09 00:56:48,-39.2,173.8833,56.91,97,63,11.01
370,Aqtobe,KZ,2022-06-09 00:56:48,50.2797,57.2072,51.89,62,0,11.18
371,Barcelona,ES,2022-06-09 00:53:15,41.3888,2.159,71.55,78,20,4.61
372,Korsakovo,RU,2022-06-09 00:56:48,53.2677,37.3569,54.81,78,100,3.18
373,Umm Lajj,SA,2022-06-09 00:56:49,25.0213,37.2685,84.81,46,0,8.43
374,Myaundzha,RU,2022-06-09 00:56:49,63.0494,147.1858,41.07,95,100,4.38
375,Alekseyevka,RU,2022-06-09 00:56:49,50.6309,38.6903,54.82,80,0,1.59
376,La Palma,US,2022-06-09 00:56:50,33.8464,-118.0467,93.67,69,20,12.66
377,Zhaoyang,CN,2022-06-09 00:56:50,42.682,126.0305,62.85,75,100,4.23
378,Puerto Colombia,CO,2022-06-09 00:56:50,10.9878,-74.9547,82.49,76,10,8.16
379,Bapatla,IN,2022-06-09 00:56:51,15.9,80.4667,89.13,56,51,14.74
380,Meulaboh,ID,2022-06-09 00:56:51,4.1363,96.1285,76.32,93,100,3.24
381,Port Hawkesbury,CA,2022-06-09 00:56:52,45.6169,-61.3485,60.96,82,100,4.61
382,Norman Wells,CA,2022-06-09 00:56:52,65.282,-126.8329,46.44,93,100,4.61
383,Qasigiannguit,GL,2022-06-09 00:56:52,68.8193,-51.1922,35.53,76,100,0.74
384,Show Low,US,2022-06-09 00:56:53,34.2542,-110.0298,88.09,12,0,18.41
385,Toronto,CA,2022-06-09 00:54:43,43.7001,-79.4163,66.36,67,100,4.61
386,Olafsvik,IS,2022-06-09 00:56:53,64.8945,-23.7142,49.55,90,100,4.21
387,Namatanai,PG,2022-06-09 00:56:53,-3.6667,152.4333,84.15,61,28,6.51
388,Ketchikan,US,2022-06-09 00:56:54,55.3422,-131.6461,56.59,69,81,15.39
389,Letterkenny,IE,2022-06-09 00:56:54,54.95,-7.7333,52.56,87,80,12.62
390,Nishihara,JP,2022-06-09 00:56:54,26.1842,127.7558,74.86,82,75,6.91
391,Price,US,2022-06-09 00:56:55,39.5994,-110.8107,87.12,16,100,8.84
392,Yeppoon,AU,2022-06-09 00:55:11,-23.1333,150.7333,58.78,42,0,5.93
393,Trelew,AR,2022-06-09 00:56:03,-43.249,-65.3051,52.77,39,100,25.79
394,Kalevala,RU,2022-06-09 00:56:55,65.2,31.1667,52.66,76,100,2.37
395,San Quintin,MX,2022-06-09 00:56:56,30.4833,-115.95,66.33,76,100,7.0
396,Miranda,CO,2022-06-09 00:56:56,3.2499,-76.2281,71.73,93,100,1.48
397,Jamame,SO,2022-06-09 00:56:56,0.0722,42.7506,75.58,87,100,9.53
398,Hamilton,US,2022-06-09 00:56:31,39.1834,-84.5333,74.41,92,24,3.0
399,Lazurne,UA,2022-06-09 00:56:57,46.084,32.5295,66.38,65,100,13.96
400,Tingo Maria,PE,2022-06-09 00:56:57,-9.2895,-76.0088,68.79,99,11,1.77
401,Tabas,IR,2022-06-09 00:56:58,33.5959,56.9244,85.91,12,11,5.55
402,Kvitok,RU,2022-06-09 00:56:58,56.0724,98.4813,51.82,83,93,6.11
403,Tarime,TZ,2022-06-09 00:56:58,-1.35,34.3667,60.69,97,100,3.69
404,Harindanga,IN,2022-06-09 00:56:59,22.0383,88.3214,87.67,74,100,15.03
405,Tautira,PF,2022-06-09 00:56:59,-17.7333,-149.15,78.98,73,26,8.55
406,Kupino,RU,2022-06-09 00:56:59,54.3663,77.2981,60.78,59,100,13.78
407,Port Blair,IN,2022-06-09 00:57:00,11.6667,92.75,78.84,94,75,2.3
408,Rawson,AR,2022-06-09 00:57:00,-43.3002,-65.1023,53.51,46,100,25.19
409,Novyy Yarychiv,UA,2022-06-09 00:57:00,49.9044,24.3052,59.36,81,7,6.8
410,Merauke,ID,2022-06-09 00:57:01,-8.4667,140.3333,82.62,75,36,12.35
411,Azul,AR,2022-06-09 00:57:01,-36.777,-59.8585,49.05,69,98,6.24
412,Saldanha,ZA,2022-06-09 00:57:01,-33.0117,17.9442,59.05,91,0,8.05
413,Palma,ES,2022-06-09 00:58:02,39.5694,2.6502,73.22,81,20,1.14
414,Tual,ID,2022-06-09 00:58:02,-5.6667,132.75,83.21,73,80,12.75
415,Santa Cruz Del Sur,CU,2022-06-09 00:58:03,20.7147,-77.9956,79.79,79,100,1.59
416,Kholtoson,RU,2022-06-09 00:58:03,50.2981,103.3097,46.18,85,100,1.43
417,Almeirim,BR,2022-06-09 00:58:03,-1.5233,-52.5817,74.07,94,100,1.86
418,Botesti,RO,2022-06-09 00:58:04,46.8,27.8833,63.28,61,30,2.15
419,Ptichye,RU,2022-06-09 00:58:04,45.5168,41.7115,61.16,69,100,8.41
420,Bara,NG,2022-06-09 00:58:04,10.3744,10.7288,78.37,73,33,13.89
421,Volodarskiy,RU,2022-06-09 00:58:05,46.4013,48.5409,64.35,34,55,4.38
422,Balykshi,KZ,2022-06-09 00:58:05,47.0667,51.8667,57.2,54,0,6.71
423,Summerville,US,2022-06-09 00:57:22,33.0185,-80.1757,80.8,91,0,0.0
424,Trofors,NO,2022-06-09 00:58:06,65.5333,13.4063,48.09,71,95,3.6
425,Aras,ES,2022-06-09 00:58:06,42.5617,-2.356,63.01,68,100,5.75
426,Dukat,RU,2022-06-09 00:58:06,62.55,155.55,49.08,55,82,13.89
427,Kosovska Mitrovica,XK,2022-06-09 00:58:07,42.8833,20.8667,56.61,92,8,0.83
428,Doha,QA,2022-06-09 00:58:07,25.2867,51.5333,89.58,33,0,4.61
429,Padang,ID,2022-06-09 00:58:07,-0.9492,100.3543,73.45,79,100,3.13
430,Sisimiut,GL,2022-06-09 00:58:08,66.9395,-53.6735,42.67,52,12,6.38
431,Palmer,US,2022-06-09 00:58:08,42.1584,-72.3287,68.92,74,100,3.2
432,Najran,SA,2022-06-09 00:58:08,17.4924,44.1277,75.85,17,99,4.88
433,Yulara,AU,2022-06-09 00:53:55,-25.2406,130.9889,53.24,54,8,14.54
434,Musoma,TZ,2022-06-09 00:58:09,-1.5,33.8,69.82,83,20,0.0
435,Cap-Aux-Meules,CA,2022-06-09 00:58:09,47.3821,-61.8597,53.65,76,100,6.91
436,Vardo,NO,2022-06-09 00:58:09,70.3705,31.1107,44.58,65,98,2.3
437,Iqaluit,CA,2022-06-09 00:58:10,63.7506,-68.5145,46.13,52,75,3.44
438,Tamandare,BR,2022-06-09 00:58:10,-8.7597,-35.1047,75.79,84,15,4.79
439,Baghdad,IQ,2022-06-09 00:58:03,33.3406,44.4009,82.31,30,0,2.3
440,Chicama,PE,2022-06-09 00:58:11,-7.8447,-79.1469,61.34,80,15,6.89
441,Orange Cove,US,2022-06-09 00:58:11,36.6244,-119.3137,95.63,10,100,11.79
442,Broome,US,2022-06-09 00:58:11,42.2506,-75.833,65.17,79,83,1.01
443,Thinadhoo,MV,2022-06-09 00:58:12,0.5333,72.9333,82.53,73,100,4.0
444,Mana,GF,2022-06-09 00:58:12,5.6592,-53.7767,77.56,88,100,8.1
445,Caluquembe,AO,2022-06-09 00:58:12,-13.7833,14.6833,47.64,56,7,3.69
446,Casino,AU,2022-06-09 00:58:13,-28.8667,153.05,59.56,51,0,5.26
447,Limbang,MY,2022-06-09 00:58:14,4.75,115.0,77.11,81,100,1.45
448,Saint Anthony,US,2022-06-09 00:54:14,45.0205,-93.218,74.8,32,0,4.0
449,Porto Nacional,BR,2022-06-09 00:58:14,-10.7081,-48.4172,75.2,48,99,0.4
450,Chibombo,ZM,2022-06-09 00:58:15,-14.6569,28.0706,55.45,83,94,7.49
451,Dasoguz,TM,2022-06-09 00:58:15,41.8363,59.9666,71.55,43,0,9.22
452,Ballina,AU,2022-06-09 00:58:15,-28.8667,153.5667,59.77,55,0,6.73
453,Zhangjiakou,CN,2022-06-09 00:58:16,40.81,114.8794,66.27,59,14,10.51
454,Hofn,IS,2022-06-09 00:58:16,64.2539,-15.2082,47.5,78,72,7.96
455,Laguna,US,2022-06-09 00:58:00,38.421,-121.4238,95.14,42,75,8.01
456,Sorland,NO,2022-06-09 00:58:17,67.667,12.6934,44.33,74,24,18.63
457,Matamoros,MX,2022-06-09 00:55:58,25.5333,-103.25,96.3,13,4,20.89
458,Mazara Del Vallo,IT,2022-06-09 00:58:17,37.6641,12.588,74.93,92,75,9.17
459,General Pico,AR,2022-06-09 00:58:18,-35.6566,-63.7568,52.9,62,93,7.92
460,Ponta Delgada,PT,2022-06-09 00:58:18,37.7333,-25.6667,66.92,94,75,8.05
461,Alta Floresta,BR,2022-06-09 00:58:18,-9.8756,-56.0861,74.79,75,77,2.24
462,Narsaq,GL,2022-06-09 00:59:19,60.9167,-46.05,43.54,72,22,2.91
463,Kurilsk,RU,2022-06-09 00:59:19,45.2333,147.8833,45.12,76,100,3.89
464,Dothan,US,2022-06-09 00:55:06,31.2232,-85.3905,86.2,78,77,10.74
465,Mackay,AU,2022-06-09 00:59:19,-21.15,149.2,64.69,47,0,14.7
466,Tezu,IN,2022-06-09 00:59:20,27.9167,96.1667,73.45,99,100,3.31
467,Winneba,GH,2022-06-09 00:59:20,5.3511,-0.6231,77.79,87,23,8.59
468,Coquimbo,CL,2022-06-09 00:59:21,-29.9533,-71.3436,53.33,100,0,2.3
469,Ilulissat,GL,2022-06-09 00:55:04,69.2167,-51.1,38.34,69,100,3.24
470,Sao Joao Da Barra,BR,2022-06-09 00:59:21,-21.6403,-41.0511,69.37,86,20,7.05
471,Sarangani,PH,2022-06-09 00:59:21,5.4033,125.4636,83.28,74,53,17.13
472,Shizunai,JP,2022-06-09 00:59:22,42.3339,142.3669,54.97,73,7,5.95
473,Salalah,OM,2022-06-09 00:59:22,17.0151,54.0924,80.42,78,32,2.17
474,Kyren,RU,2022-06-09 00:59:23,51.6828,102.1408,46.85,89,100,4.43
475,Ugoofaaru,MV,2022-06-09 00:59:23,5.6667,73.0,81.63,75,100,7.43
476,Adet,ET,2022-06-09 00:59:23,11.2644,37.4888,57.51,83,16,4.63
477,Emba,KZ,2022-06-09 00:59:24,48.8264,58.1442,58.08,43,3,6.51
478,Chauk,MM,2022-06-09 00:59:24,20.8833,94.8167,81.61,76,100,14.27
479,Cayenne,GF,2022-06-09 00:59:24,4.9333,-52.3333,82.09,1,75,0.0
480,Alexandria,EG,2022-06-09 00:59:25,31.2156,29.9553,73.36,64,0,4.61
481,Pauini,BR,2022-06-09 00:59:25,-7.7136,-66.9764,72.59,98,100,1.34
482,Omsukchan,RU,2022-06-09 00:59:25,62.5333,155.8,50.31,54,82,13.8
483,Logan,US,2022-06-09 00:59:26,41.7355,-111.8344,78.19,49,100,1.01
484,Aklavik,CA,2022-06-09 00:59:26,68.2191,-135.0107,41.4,62,100,13.82
485,Coihaique,CL,2022-06-09 00:59:26,-45.5752,-72.0662,35.55,93,75,3.44
486,Thunder Bay,CA,2022-06-09 00:58:03,48.4001,-89.3168,64.38,55,75,9.22
487,Tuim,RU,2022-06-09 00:59:27,54.3417,89.9261,44.02,70,5,3.2
488,Lagoa,PT,2022-06-09 00:59:27,39.05,-27.9833,64.29,92,17,20.31
489,Roald,NO,2022-06-09 00:59:27,62.5833,6.1333,50.9,87,21,19.57
490,Saint-Gaudens,FR,2022-06-09 00:59:28,43.0833,0.6667,57.02,97,100,5.28
491,Korla,CN,2022-06-09 00:59:28,41.7597,86.1469,79.5,18,0,1.41
492,Okha,RU,2022-06-09 00:59:28,53.5739,142.9478,43.47,90,100,13.11
493,Huilong,CN,2022-06-09 00:59:29,31.8111,121.655,74.93,73,14,15.82
494,Apen,DE,2022-06-09 00:59:29,53.2167,7.8,58.17,98,100,6.53
495,Komsomolskiy,UZ,2022-06-09 00:59:29,40.4272,71.7189,72.32,35,92,6.91
496,Talcahuano,CL,2022-06-09 00:59:30,-36.7167,-73.1167,51.48,100,75,4.61
497,Bonavista,CA,2022-06-09 00:59:30,48.6499,-53.1147,40.12,77,44,6.26
498,Bonthe,SL,2022-06-09 00:59:30,7.5264,-12.505,79.52,78,12,6.22
499,North Bend,US,2022-06-09 00:59:31,43.4065,-124.2243,68.92,86,100,6.62
500,Beringovskiy,RU,2022-06-09 00:59:31,63.05,179.3167,38.14,66,4,12.08
501,Slupsk,PL,2022-06-09 00:59:32,54.4641,17.0287,54.45,91,56,7.16
502,Sabang,ID,2022-06-09 00:59:32,5.8933,95.3214,82.35,78,100,11.34
503,Prainha,BR,2022-06-09 00:59:32,-1.8,-53.48,73.44,96,100,2.33
504,Bayji,IQ,2022-06-09 00:59:33,34.9311,43.487,85.37,21,0,5.35
505,Ola,RU,2022-06-09 00:59:33,59.5833,151.2833,46.15,89,95,4.27
506,Kawalu,ID,2022-06-09 00:59:33,-7.3817,108.2082,76.21,87,51,0.54
507,Ungheni,MD,2022-06-09 00:59:34,47.2042,27.7958,66.27,67,0,4.61
508,Vila Franca Do Campo,PT,2022-06-09 00:55:45,37.7167,-25.4333,66.61,93,97,5.97
509,Thohoyandou,ZA,2022-06-09 00:59:34,-22.9456,30.485,49.57,72,0,3.2
510,Kirakira,SB,2022-06-09 01:00:34,-10.4544,161.9205,83.71,71,93,4.32
511,Galesong,ID,2022-06-09 01:00:35,-5.3166,119.3661,80.62,69,54,4.76
512,Mount Gambier,AU,2022-06-09 01:00:35,-37.8333,140.7667,51.71,93,75,16.11
513,Atar,MR,2022-06-09 00:57:05,20.5169,-13.0499,91.74,21,12,7.96
514,Bainbridge,US,2022-06-09 00:59:44,47.6262,-122.5212,73.02,49,100,5.99
515,Mbanza-Ngungu,CD,2022-06-09 01:00:36,-5.25,14.8667,64.22,75,94,4.21
516,Allauch,FR,2022-06-09 01:00:36,43.3357,5.482,69.39,57,100,15.01
517,Ghanzi,BW,2022-06-09 01:00:37,-21.5667,21.7833,46.96,31,0,5.3
518,Oriximina,BR,2022-06-09 01:00:37,-1.7656,-55.8661,74.79,93,88,3.56
519,Tooele,US,2022-06-09 01:00:37,40.5308,-112.2983,82.81,34,0,3.44
520,Pompeu,BR,2022-06-09 01:00:38,-19.2244,-44.9353,66.36,52,92,2.06
521,Kruisfontein,ZA,2022-06-09 01:00:38,-34.0033,24.7314,62.89,54,0,16.98
522,Moville,US,2022-06-09 01:00:39,42.4889,-96.0725,71.6,68,82,5.57
523,Huarmey,PE,2022-06-09 01:00:39,-10.0681,-78.1522,65.44,83,50,11.83
524,Mandera,KE,2022-06-09 01:00:39,3.9366,41.867,76.66,67,92,14.14
525,San Martin,AR,2022-06-09 01:00:40,-33.081,-68.4681,54.81,49,7,4.18
526,Bansi,IN,2022-06-09 01:00:40,27.1833,82.9333,88.03,57,27,11.97
527,Dunedin,NZ,2022-06-09 01:00:30,-45.8742,170.5036,52.81,60,100,1.99
528,Adrar,MR,2022-06-09 01:00:41,20.5022,-10.0711,89.17,19,7,12.24
529,Carbondale,US,2022-06-09 01:00:41,37.7273,-89.2168,77.29,73,0,3.44
530,Estelle,US,2022-06-09 01:00:41,29.8458,-90.1067,87.01,68,43,11.01
531,Manokwari,ID,2022-06-09 01:00:42,-0.8667,134.0833,82.89,67,37,3.02
532,Svetlogorsk,BY,2022-06-09 01:00:42,52.6333,29.7333,62.08,72,70,5.01
533,Sarab,IR,2022-06-09 01:00:42,38.6066,44.9883,67.06,47,0,2.19
534,Dargaville,NZ,2022-06-09 01:00:43,-35.9333,173.8833,61.38,76,100,14.32
535,Sao Domingos,BR,2022-06-09 01:00:43,-13.3983,-46.3183,67.64,36,3,4.94
536,Talbahat,IN,2022-06-09 01:00:44,25.05,78.4333,92.03,22,32,15.9
537,Bowen,AU,2022-06-09 01:00:44,-20.0167,148.2333,65.79,48,10,7.36
538,Egvekinot,RU,2022-06-09 01:00:44,66.3167,-179.1667,45.81,38,6,4.36
539,Lake Cowichan,CA,2022-06-09 01:00:45,48.825,-124.0546,66.43,41,99,4.05
540,Gotsu,JP,2022-06-09 01:00:45,35.0,132.2167,69.08,67,4,6.2
541,Honolulu,US,2022-06-09 00:57:29,21.3069,-157.8583,82.31,63,75,14.97
542,Challans,FR,2022-06-09 01:00:46,46.8436,-1.8749,58.96,85,57,10.25
543,Weligama,LK,2022-06-09 01:00:46,5.9667,80.4167,78.37,87,100,10.78
544,Ust-Maya,RU,2022-06-09 01:00:47,60.4167,134.5333,72.93,26,96,9.57
545,Mogadishu,SO,2022-06-09 01:00:47,2.0371,45.3438,79.05,83,100,19.75
546,Taranto,IT,2022-06-09 01:00:48,40.6167,17.25,69.19,80,97,3.38
547,Natal,BR,2022-06-09 01:00:48,-5.795,-35.2094,74.41,91,19,6.2
548,Kushiro,JP,2022-06-09 01:00:48,42.975,144.3747,52.41,79,38,8.63
549,Kachug,RU,2022-06-09 01:00:49,53.9606,105.8817,49.57,73,100,5.08
550,Figeac,FR,2022-06-09 01:00:49,44.75,1.9167,53.98,99,95,4.97
551,Dunda,TZ,2022-06-09 01:00:49,-8.1167,34.25,55.04,85,0,1.61
552,Baft,IR,2022-06-09 01:01:50,29.234,56.6057,67.53,26,44,2.77
553,La Romana,DO,2022-06-09 01:00:10,18.4273,-68.9728,77.81,85,10,9.86
554,Haines Junction,CA,2022-06-09 01:01:50,60.7522,-137.5108,69.85,26,98,4.61
555,Kupang,ID,2022-06-09 01:01:51,-10.1667,123.5833,84.09,67,88,14.2
556,Skjervoy,NO,2022-06-09 01:01:51,70.0311,20.9714,44.6,82,97,10.56
557,Luau,AO,2022-06-09 01:01:51,-10.7073,22.2247,53.58,68,7,5.86
558,Vestmannaeyjar,IS,2022-06-09 01:01:52,63.4427,-20.2734,49.37,79,100,18.63
559,Seoul,KR,2022-06-09 00:58:48,37.5683,126.9778,69.4,81,100,3.44
560,Colares,PT,2022-06-09 01:01:52,38.7992,-9.4469,69.3,77,84,17.0
561,Ankazobe,MG,2022-06-09 01:01:53,-18.3167,47.1167,57.67,77,77,9.55
562,Half Moon Bay,US,2022-06-09 01:01:53,37.4636,-122.4286,78.89,78,100,18.41
563,Karratha,AU,2022-06-09 01:01:53,-20.7377,116.8463,72.7,52,100,13.09
564,Lompoc,US,2022-06-09 01:01:54,34.6391,-120.4579,78.01,75,0,35.01
565,Palamos,ES,2022-06-09 01:01:54,41.8484,3.1291,69.98,44,100,4.88
566,Zhigansk,RU,2022-06-09 01:01:54,66.7697,123.3711,69.12,38,46,4.05
567,Dodge City,US,2022-06-09 01:01:55,37.7528,-100.0171,76.93,47,0,4.0
568,Konevo,RU,2022-06-09 01:01:55,62.1215,39.3192,53.85,79,100,3.94
569,Birao,CF,2022-06-09 01:01:56,10.2849,22.7882,73.71,77,100,6.08
570,Tecolutla,MX,2022-06-09 01:01:56,20.4833,-97.0167,83.52,78,100,13.91
571,Vila,PT,2022-06-09 01:01:56,42.0304,-8.1588,54.7,92,23,3.31
572,Kpandae,GH,2022-06-09 01:01:57,8.4689,-0.0113,75.74,81,6,4.88
573,Itarema,BR,2022-06-09 01:01:57,-2.9248,-39.9167,76.03,86,41,9.33
574,Hervey Bay,AU,2022-06-09 01:01:57,-25.2986,152.8535,60.03,58,0,15.01
